id,label
1,0.70529526
2,0.6683265
3,0.6940669
4,0.6185327
5,0.70886153
6,0.48372054
7,0.6109852
8,0.69292074
9,0.65771216
10,0.5743608
